num_sequences,valid_t50_sequences,t50_MAE_h,t50_RMSE_h
12,10,1.611592741935484,2.1832350509332636
